player_name_normalized,statsbomb_player_id,fbref_player_id,tm_player_url,match_method,match_confidence,needs_review
sergio busquets i burgos,5203,,,unresolved,unresolved,True
lionel andres messi cuccittini,5503,,,unresolved,unresolved,True
simon thorup kjaer,5534,,,unresolved,unresolved,True
tiago manuel dias correia,7900,,,unresolved,unresolved,True
mario gomez garcia,5565,,,unresolved,unresolved,True
claudio miguel pizarro bossio,11132,,,unresolved,unresolved,True
james david rodriguez rubio,5695,,,unresolved,unresolved,True
jose maria gimenez de vargas,5259,,,unresolved,unresolved,True
fara williams,10251,,,unresolved,unresolved,True
rachel furness,15706,,,unresolved,unresolved,True
grace moloney,15719,,,unresolved,unresolved,True
lauren bruton,15726,,,unresolved,unresolved,True
rachael laws,33664,,,unresolved,unresolved,True
megan walsh,15709,,,unresolved,unresolved,True
ellie mason,15715,,,unresolved,unresolved,True
ellie roebuck,4637,,,unresolved,unresolved,True
nadia nadim,4650,,,unresolved,unresolved,True
stephanie houghton,10185,,,unresolved,unresolved,True
melissa lawley,15547,,,unresolved,unresolved,True
sophie baggaley,16376,,,unresolved,unresolved,True
lucy hope,16386,,,unresolved,unresolved,True
magdalena lilly eriksson,4633,,,unresolved,unresolved,True
francesca kirby,4641,,,unresolved,unresolved,True
karen julia carney,15553,,,unresolved,unresolved,True
carly mitchell telford,19421,,,unresolved,unresolved,True
dominique johanna anna petrone janssen,10666,,,unresolved,unresolved,True
pauline peyraud magnin,15615,,,unresolved,unresolved,True
bethany mead,15619,,,unresolved,unresolved,True
ann-katrin berger,15560,,,unresolved,unresolved,True
charlie wellings,15563,,,unresolved,unresolved,True
sarah emma mayling,19500,,,unresolved,unresolved,True
aoife mannion,19503,,,unresolved,unresolved,True
hannah hampton,22032,,,unresolved,unresolved,True
kayleigh green,16400,,,unresolved,unresolved,True
marie hourihan,19419,,,unresolved,unresolved,True
fern whelan,19420,,,unresolved,unresolved,True
rebecca leigh spencer,18158,,,unresolved,unresolved,True
anne moorhouse,22027,,,unresolved,unresolved,True
kirstie levell,15576,,,unresolved,unresolved,True
inessa kaagman,15579,,,unresolved,unresolved,True
claudia walker,15580,,,unresolved,unresolved,True
yana daniels,10093,,,unresolved,unresolved,True
courtney sweetman-kirk,15611,,,unresolved,unresolved,True
anke preuss,15626,,,unresolved,unresolved,True
maren naevdal mjelde,10395,,,unresolved,unresolved,True
alexia putellas segura,10143,,,unresolved,unresolved,True
jennifer hermoso fuentes,10151,,,unresolved,unresolved,True
maria victoria losada gomez,10158,,,unresolved,unresolved,True
maria francesca caldentey oliver,10161,,,unresolved,unresolved,True
aitana bonmati conca,15284,,,unresolved,unresolved,True
patricia guijarro gutierrez,15287,,,unresolved,unresolved,True
maria dolores gallardo nunez,45667,,,unresolved,unresolved,True
maria asuncion quinones goikoetxea,50355,,,unresolved,unresolved,True
samantha may kerr,4961,,,unresolved,unresolved,True
stephanie-elise catley,5000,,,unresolved,unresolved,True
lydia grace yilkari williams,5066,,,unresolved,unresolved,True
ellie madison carpenter,5095,,,unresolved,unresolved,True
caitlin jade foord,11338,,,unresolved,unresolved,True
teagan jade micah,131588,,,unresolved,unresolved,True
khadija monifa shaw,25554,,,unresolved,unresolved,True
debora cristiane de oliveira,5044,,,unresolved,unresolved,True
monica hickmann alves,5071,,,unresolved,unresolved,True
marta vieira da silva veiga,5082,,,unresolved,unresolved,True
andressa alves da silva,24368,,,unresolved,unresolved,True
ludmila da silva,25542,,,unresolved,unresolved,True
aline villares reis,49989,,,unresolved,unresolved,True
mary alexandra earps,31538,,,unresolved,unresolved,True
lee alexander,25570,,,unresolved,unresolved,True
cecilie fiskerstrand,24370,,,unresolved,unresolved,True
onema grace geyoro,10272,,,unresolved,unresolved,True
vanina noemi correa,25611,,,unresolved,unresolved,True
maria florencia bonsegundo,25640,,,unresolved,unresolved,True
dalila belen ippolito,26051,,,unresolved,unresolved,True
elin ingrid johanna rubensson,10221,,,unresolved,unresolved,True
eva sofia jakobsson,13881,,,unresolved,unresolved,True
lina mona andrea hurtig,25697,,,unresolved,unresolved,True
gun nathalie bjorn,26093,,,unresolved,unresolved,True
julia zigiotti-olme,26094,,,unresolved,unresolved,True
jennifer miley falk,62667,,,unresolved,unresolved,True
rosemary kathleen lavelle,4949,,,unresolved,unresolved,True
lindsey michelle heaps,4999,,,unresolved,unresolved,True
kelley maureen o'hara,5021,,,unresolved,unresolved,True
mallory diane swanson,5023,,,unresolved,unresolved,True
alexandra morgan carrasco,5085,,,unresolved,unresolved,True
samantha june mewis,5087,,,unresolved,unresolved,True
carli anne hollins,5097,,,unresolved,unresolved,True
alyssa michele naeher,5100,,,unresolved,unresolved,True
adrianna nichole franch,6819,,,unresolved,unresolved,True
megan anna rapinoe,8298,,,unresolved,unresolved,True
claudia christiane endler mutinelli,24462,,,unresolved,unresolved,True
francisca alejandra lara lara,25690,,,unresolved,unresolved,True
ugochi desire oparanozie,25472,,,unresolved,unresolved,True
chiamaka cynthia nnadozie,25718,,,unresolved,unresolved,True
rasheedat busayo ajibade,26156,,,unresolved,unresolved,True
min-jeong kim,25449,,,unresolved,unresolved,True
francesc fabregas i soler,3478,,,unresolved,unresolved,True
neymar da silva santos junior,4320,,,unresolved,unresolved,True
javier alejandro mascherano,5506,,,unresolved,unresolved,True
claudio andres bravo munoz,4691,,,unresolved,unresolved,True
diego alves carreira,25144,,,unresolved,unresolved,True
fabian ariel orellana valenzuela,7105,,,unresolved,unresolved,True
guilherme magdalena siqueira,26780,,,unresolved,unresolved,True
nicolas hernan otamendi,3090,,,unresolved,unresolved,True
emilio nsue lopez,13581,,,unresolved,unresolved,True
cristian dario alvarez,24040,,,unresolved,unresolved,True
martin braithwaite christensen,4447,,,unresolved,unresolved,True
yangel clemente herrera ravelo,16249,,,unresolved,unresolved,True
ebony salmon,31527,,,unresolved,unresolved,True
rianna dean,31702,,,unresolved,unresolved,True
chloe morgan,33349,,,unresolved,unresolved,True
tinja-riikka tellervo korpela,13857,,,unresolved,unresolved,True
alexandra maciver,34360,,,unresolved,unresolved,True
manuela zinsberger,10237,,,unresolved,unresolved,True
aurora watten mikalsen,36800,,,unresolved,unresolved,True
ricardo izecson dos santos leite,26712,,,unresolved,unresolved,True
diego forlan corazo,26199,,,unresolved,unresolved,True
diego armando maradona,38641,,,unresolved,unresolved,True
andre ayew pele,3347,,,unresolved,unresolved,True
gylfi thor sigurdsson,3944,,,unresolved,unresolved,True
oscar dos santos emboaba junior,40122,,,unresolved,unresolved,True
christian benteke liolo,3380,,,unresolved,unresolved,True
jose leonardo ulloa,3671,,,unresolved,unresolved,True
romelu lukaku menama,3289,,,unresolved,unresolved,True
gnegneri yaya toure,3087,,,unresolved,unresolved,True
sergio leonel aguero del castillo,3237,,,unresolved,unresolved,True
wilfried guemiand bony,3598,,,unresolved,unresolved,True
bradley guzan,12608,,,unresolved,unresolved,True
andreas hoelgebaum pereira,6846,,,unresolved,unresolved,True
chancel mbemba mangulu,3044,,,unresolved,unresolved,True
pernille mosegaard harder,10108,,,unresolved,unresolved,True
stine larsen,10102,,,unresolved,unresolved,True
lisa weiss,38317,,,unresolved,unresolved,True
isobel mary christiansen,4645,,,unresolved,unresolved,True
grace clinton,46740,,,unresolved,unresolved,True
federico santiago valverde dipetta,6773,,,unresolved,unresolved,True
eder gabriel militao,13620,,,unresolved,unresolved,True
rodrygo silva de goes,25104,,,unresolved,unresolved,True
khiara keating,92248,,,unresolved,unresolved,True
dagny brynjarsdottir,10124,,,unresolved,unresolved,True
francesca bentley,64240,,,unresolved,unresolved,True
joni ensio kauko,24303,,,unresolved,unresolved,True
heorhii bushchan,22243,,,unresolved,unresolved,True
mario figueira fernandes,5170,,,unresolved,unresolved,True
michy batshuayi tunga,3457,,,unresolved,unresolved,True
marcos aoas correa,4372,,,unresolved,unresolved,True
achraf hakimi mouh,5245,,,unresolved,unresolved,True
mauro emanuel icardi rivero,6987,,,unresolved,unresolved,True
lucas tolentino coelho de lima,22600,,,unresolved,unresolved,True
dheeraj singh moirangthem,124911,,,unresolved,unresolved,True
joao victor de albuquerque bruno,26675,,,unresolved,unresolved,True
vladimir koman jr.,51364,,,unresolved,unresolved,True
prabhushkan singh gill,163347,,,unresolved,unresolved,True
jeakson singh thaunaojam,163355,,,unresolved,unresolved,True
david joel williams,163345,,,unresolved,unresolved,True
rehnesh thumbirumbu paramba,161097,,,unresolved,unresolved,True
felipe salvador caicedo corozo,7781,,,unresolved,unresolved,True
charles dias barbosa de oliveira,6707,,,unresolved,unresolved,True
idriss carlos kameni,26103,,,unresolved,unresolved,True
jonas manuel gutierrez,25997,,,unresolved,unresolved,True
german dario lux,27305,,,unresolved,unresolved,True
benjamin moukandjo bile,33178,,,unresolved,unresolved,True
mauro daniel goicoechea furia,22130,,,unresolved,unresolved,True
ali nadhoim ahamada,41385,,,unresolved,unresolved,True
giovanni-guy yann sio,3018,,,unresolved,unresolved,True
benoit guy robert costil,3354,,,unresolved,unresolved,True
paul-georges ntep de madiba,4900,,,unresolved,unresolved,True
abdoul razzagui camara,3078,,,unresolved,unresolved,True
edinson roberto cavani gomez,4319,,,unresolved,unresolved,True
"david n""gog",401453,,,fuzzy_proposed,low,True
ada stolsmo hegerberg,10385,,,unresolved,unresolved,True
guro pettersen,276302,,,unresolved,unresolved,True
jacqueline burns,224848,,,unresolved,unresolved,True
claudia pina medina,32838,,,unresolved,unresolved,True
olga carmona garcia,49836,,,unresolved,unresolved,True
athenea del castillo belvide,49913,,,unresolved,unresolved,True
natalia kuikka,13865,,,unresolved,unresolved,True
glodis perla viggosdottir,10119,,,unresolved,unresolved,True
berglind bjorg thorvaldsdottir,10244,,,unresolved,unresolved,True
sandra sigurdardottir,276898,,,unresolved,unresolved,True
justine vanhaevermaet,63308,,,unresolved,unresolved,True
nicky evrard,276896,,,unresolved,unresolved,True
patricia isabel sousa barros morais,10145,,,unresolved,unresolved,True
carole da silva costa,10162,,,unresolved,unresolved,True
sandy baltimore,24459,,,unresolved,unresolved,True
melvine malard,31614,,,unresolved,unresolved,True
hanna ulrika bennison,34499,,,unresolved,unresolved,True
ingrid filippa angeldal,62666,,,unresolved,unresolved,True
paulo bruno exequiel dybala,5743,,,unresolved,unresolved,True
damian emiliano martinez,6909,,,unresolved,unresolved,True
gonzalo ariel montiel,28263,,,unresolved,unresolved,True
stephen antunes eustaquio,11187,,,unresolved,unresolved,True
dayne tristan st. clair,36794,,,unresolved,unresolved,True
diogo meireles costa,32975,,,unresolved,unresolved,True
giorgian daniel de arrascaeta benedetti,5258,,,unresolved,unresolved,True
sergio rochet alvarez,36710,,,unresolved,unresolved,True
matthew charles turner,12352,,,unresolved,unresolved,True
saad abdullah al sheeb,124496,,,unresolved,unresolved,True
bryan ruiz gonzalez,5592,,,unresolved,unresolved,True
patrick gilmar sequeira mejias,97291,,,unresolved,unresolved,True
salem mohammed al dawsari,5187,,,unresolved,unresolved,True
mohammed khalil al owais,5714,,,unresolved,unresolved,True
salman mohammed al faraj,5178,,,unresolved,unresolved,True
theo bernard francois hernandez,6704,,,unresolved,unresolved,True
gabriel teodoro martinelli silva,29976,,,unresolved,unresolved,True
luiz adriano de souza da silva,21272,,,unresolved,unresolved,True
ryder matos santos,7696,,,unresolved,unresolved,True
gonzalo gerardo higuain,5497,,,unresolved,unresolved,True
gabriel vasconelos ferreira,30767,,,unresolved,unresolved,True
maximiliano nicol moralez,12759,,,unresolved,unresolved,True
mauricio ricardo pinilla ferreira,36770,,,unresolved,unresolved,True
albano benjamin bizzarri,7803,,,unresolved,unresolved,True
maximiliano gaston lopez,8193,,,unresolved,unresolved,True
rafael de andrade bittencourt pinheiro,9887,,,unresolved,unresolved,True
german gustavo denis,49439,,,unresolved,unresolved,True
lucas rodrigo biglia,5510,,,unresolved,unresolved,True
angelo esmael da costa junior,12475,,,unresolved,unresolved,True
rafael enrique romo perez,32012,,,unresolved,unresolved,True
m''baye babacar niang,5661,,,unresolved,unresolved,True
mario barwuah balotelli,3371,,,unresolved,unresolved,True
yuki nagasato,4963,,,unresolved,unresolved,True
ella stevens,42262,,,unresolved,unresolved,True
kailen mary iacovoni sheridan,4981,,,unresolved,unresolved,True
didi haracic,21057,,,unresolved,unresolved,True
margaret purce,5009,,,unresolved,unresolved,True
lynn williams biyendolo,5055,,,unresolved,unresolved,True
jenna nighswonger,389497,,,unresolved,unresolved,True
christine margaret sinclair,5020,,,unresolved,unresolved,True
annabella madeleine bixby,40989,,,unresolved,unresolved,True
sophia olivia wilson,49172,,,unresolved,unresolved,True
carissa miller,42259,,,unresolved,unresolved,True
michelle ivory cooper,270224,,,unresolved,unresolved,True
jane campbell,5056,,,unresolved,unresolved,True
diana ordonez,219178,,,unresolved,unresolved,True
casey murphy,30557,,,unresolved,unresolved,True
kerolin nicoli israel ferraz,105708,,,unresolved,unresolved,True
ashley hatch,4964,,,unresolved,unresolved,True
aubrey renee kingsbury,5025,,,unresolved,unresolved,True
kaylie collins,129512,,,unresolved,unresolved,True
katie lund,42553,,,unresolved,unresolved,True
savannah marie demelo,218506,,,unresolved,unresolved,True
jordyn pamela huitema,26091,,,unresolved,unresolved,True
phallon tullis-joyce,30955,,,unresolved,unresolved,True
shuang wang,24461,,,fuzzy_proposed,low,True
shae yanez,33067,,,unresolved,unresolved,True
carles rexach i cerda,397775,,,unresolved,unresolved,True
hugo alvez,397991,,,fuzzy_proposed,low,True
mary boio fowler,35693,,,unresolved,unresolved,True
cortnee brooke vine,401634,,,unresolved,unresolved,True
livia peng,32099,,,unresolved,unresolved,True
olivia alexandra davies isip mcdaniel,401735,,,unresolved,unresolved,True
christy onyenaturuchi ucheibe,62908,,,unresolved,unresolved,True
daniela solera vega,401802,,,unresolved,unresolved,True
catalina thomas coll lluch,45295,,,unresolved,unresolved,True
enith salon,50825,,,unresolved,unresolved,True
salma paralluelo ayingono,222682,,,unresolved,unresolved,True
kim thanh tran thi,401880,,,fuzzy_proposed,low,True
young-geul yoon,389771,,,fuzzy_proposed,low,True
catalina perez jaramillo,46344,,,unresolved,unresolved,True
maria catalina usme pineda,403278,,,unresolved,unresolved,True
stina johannes,46548,,,unresolved,unresolved,True
maja bay ostergaard,402017,,,unresolved,unresolved,True
yenith elizabett bailey de la cruz,402781,,,unresolved,unresolved,True
yomira tibisay pinzon rios,402786,,,unresolved,unresolved,True
rachele baldi,45899,,,unresolved,unresolved,True
yasmin katie mrabet,89009,,,unresolved,unresolved,True
veronica boquete giadans,15227,,,unresolved,unresolved,True
katja schroffenegger,45727,,,unresolved,unresolved,True
zsanett bernadett kajan,226661,,,unresolved,unresolved,True
ana marcos moral,45288,,,unresolved,unresolved,True
antonia ignacia canales pacheco,408998,,,unresolved,unresolved,True
erika gonzalez lombidez,144143,,,unresolved,unresolved,True
nerea eizaguirre lasa,50366,,,unresolved,unresolved,True
elene lete para,52339,,,unresolved,unresolved,True
maria miralles gascon,408652,,,unresolved,unresolved,True
esperanza pizarro pagalday,408655,,,unresolved,unresolved,True
jessica dahiana martinez villagra,49839,,,unresolved,unresolved,True
allegra poljak,53958,,,unresolved,unresolved,True
nayluisa jhaylenny caceres acevedo,66468,,,unresolved,unresolved,True
zala mersnik,46998,,,unresolved,unresolved,True
laia balleste,50168,,,unresolved,unresolved,True
chelsea ashurst,53179,,,unresolved,unresolved,True
patricia ojeda,53190,,,unresolved,unresolved,True
miku kojima,409118,,,unresolved,unresolved,True
adriana nanclares romero,50371,,,unresolved,unresolved,True
clara pinedo castresana,123549,,,unresolved,unresolved,True
cristina baudet lucena,50892,,,unresolved,unresolved,True
paola ulloa jimenez,49997,,,unresolved,unresolved,True
ana gonzalez rosa,50105,,,unresolved,unresolved,True
naima garcia aguilar,136433,,,unresolved,unresolved,True
sandra estevez ogalla,409183,,,unresolved,unresolved,True
laura requena sanchez,409186,,,unresolved,unresolved,True
andrea romero burgos,409190,,,unresolved,unresolved,True
carlota suarez crespo,409196,,,unresolved,unresolved,True
rosa marquez baena,50098,,,unresolved,unresolved,True
malena mieres garcia,50109,,,unresolved,unresolved,True
paula vizoso prieto,137528,,,unresolved,unresolved,True
maria de los angeles carrion egido,142137,,,unresolved,unresolved,True
patricia hmirova,63425,,,unresolved,unresolved,True
julia aguado,50818,,,unresolved,unresolved,True
maria llompart pons,50102,,,unresolved,unresolved,True
fatoumata kanteh cham,53185,,,unresolved,unresolved,True
carmen carbonell gil,143563,,,unresolved,unresolved,True
patricia gavira collado,49992,,,unresolved,unresolved,True
noelia ramos alvarez,50024,,,unresolved,unresolved,True
laura perez martin,409192,,,unresolved,unresolved,True
esther sullastres ayuso,49887,,,unresolved,unresolved,True
maria inmaculada gabarro romero,50042,,,unresolved,unresolved,True
rosa otermin abella,50100,,,unresolved,unresolved,True
maria echezarreta fernandez,428383,,,unresolved,unresolved,True
nicole billa,10233,,,unresolved,unresolved,True
jana feldkamp,46556,,,unresolved,unresolved,True
martina tufekovic,85501,,,unresolved,unresolved,True
michaela specht,85502,,,unresolved,unresolved,True
juliane wirtz,46882,,,unresolved,unresolved,True
sophie weidauer,46991,,,unresolved,unresolved,True
michelle ulbrich,47010,,,unresolved,unresolved,True
nina luhrssen,47015,,,unresolved,unresolved,True
ewa pajor,15214,,,unresolved,unresolved,True
lisa schmitz,30968,,,unresolved,unresolved,True
elvira herzog,46896,,,unresolved,unresolved,True
jenny hipp,409152,,,unresolved,unresolved,True
vanessa fudalla,409156,,,unresolved,unresolved,True
meret gunster,46945,,,unresolved,unresolved,True
ena mahmutovic,49865,,,unresolved,unresolved,True
jasmin pal,47109,,,unresolved,unresolved,True
martyna wiankowska,324158,,,unresolved,unresolved,True
paula hoppe,409147,,,unresolved,unresolved,True
friederike abt,32359,,,unresolved,unresolved,True
elisa senss,46546,,,unresolved,unresolved,True
nikola karczewska,63424,,,unresolved,unresolved,True
kristin krammer,32584,,,unresolved,unresolved,True
lara sophie schmidt,84731,,,unresolved,unresolved,True
medina desic,408962,,,unresolved,unresolved,True
jovana damnjanovic,24396,,,unresolved,unresolved,True
maria luisa grohs,45020,,,unresolved,unresolved,True
natasha kowalski,321538,,,unresolved,unresolved,True
janina minge,46881,,,unresolved,unresolved,True
marie muller,46890,,,unresolved,unresolved,True
gabrielle lambert,135221,,,unresolved,unresolved,True
marleen schimmer,219422,,,unresolved,unresolved,True
amanda tampieri,45630,,,unresolved,unresolved,True
tatiely cristina sena das neves,317048,,,unresolved,unresolved,True
kerttu karresmaa,408848,,,unresolved,unresolved,True
lea paulick,425320,,,unresolved,unresolved,True
flaminia simonetti,45742,,,unresolved,unresolved,True
agnese bonfantini,45883,,,unresolved,unresolved,True
sara cetinja,135569,,,unresolved,unresolved,True
marija banusic,32892,,,unresolved,unresolved,True
elisa del estal mateu,136545,,,unresolved,unresolved,True
beatrice beretta,309388,,,unresolved,unresolved,True
anna rosa james-buhigas,53193,,,unresolved,unresolved,True
iris madeleine rabot,317044,,,unresolved,unresolved,True
emilie gavillet,409097,,,unresolved,unresolved,True
camelia ceasar,45885,,,unresolved,unresolved,True
christy grimshaw,31146,,,unresolved,unresolved,True
maria korenciova,45627,,,unresolved,unresolved,True
astrid gilardi,45747,,,unresolved,unresolved,True
nicole arcangeli,50999,,,unresolved,unresolved,True
doris bacic,46236,,,unresolved,unresolved,True
lia lonni,45655,,,unresolved,unresolved,True
janina leitzig,46988,,,unresolved,unresolved,True
amalie gronbak thestrup,15788,,,unresolved,unresolved,True
kaylan marckese,40985,,,unresolved,unresolved,True
olivia clarke,326619,,,unresolved,unresolved,True
safia middleton-patel,192256,,,unresolved,unresolved,True
ivane carminio francisco urrubal,161718,,,unresolved,unresolved,True
ahmed elsayed ali elsayed hegazy,4063,,,unresolved,unresolved,True
mostafa mohamed ahmed abdallah,66886,,,unresolved,unresolved,True
mohamed hany gamal eldemerdash,66892,,,unresolved,unresolved,True
omar kamal abdel wahed,70783,,,unresolved,unresolved,True
anthony louis mandrea,41381,,,unresolved,unresolved,True
cristovao paciencia mabululo,128881,,,unresolved,unresolved,True
mihlali samson mayambela,133003,,,unresolved,unresolved,True
franck yannick kessie,7023,,,unresolved,unresolved,True
joris kayembe ditu,4939,,,unresolved,unresolved,True
silas katompa mvumpa,13329,,,unresolved,unresolved,True
gedeon kalulu kyatengwa,30193,,,unresolved,unresolved,True
meschak elia,35684,,,fuzzy_proposed,low,True
henoc inonga baka,105946,,,unresolved,unresolved,True
lloyd junior kazapua,125324,,,unresolved,unresolved,True
willy afonso semedo johnson,28413,,,unresolved,unresolved,True
bryan alberto silva teixeira jr.,32868,,,unresolved,unresolved,True
ryan isaac mendes da graca,40485,,,unresolved,unresolved,True
erickson patrick correia andrade,50968,,,unresolved,unresolved,True
annahita zamanian,32413,,,unresolved,unresolved,True
julio jose gonzalez vela-alvizu,36949,,,unresolved,unresolved,True
john yeboah zamora,21131,,,unresolved,unresolved,True
rebecca knaak,46885,,,unresolved,unresolved,True
oriane jean-francois,31633,,,unresolved,unresolved,True
alice sombath,49583,,,unresolved,unresolved,True
melween ndongala,97854,,,unresolved,unresolved,True
smilla holmberg,237526,,,unresolved,unresolved,True
marta vieira da silva,5082,,,unresolved,unresolved,True
lynn raenie williams,5055,,,unresolved,unresolved,True
fahad mosaed al muwallad al harbi,5190,,,unresolved,unresolved,True
ronaldo de assis moreira,25879,,,unresolved,unresolved,True
samuel eto''o fils,19298,,,unresolved,unresolved,True
francisco javier casquero paredes,26144,,,unresolved,unresolved,True
rahamat riga mustapha,26181,,,unresolved,unresolved,True
marcos antonio senna da silva,20135,,,unresolved,unresolved,True
emilio jose viqueira moure,26399,,,unresolved,unresolved,True
janine elizabeth sonis,4992,,,unresolved,unresolved,True
fabian larry estoyanoff poggio,25947,,,unresolved,unresolved,True
diego alberto milito,19294,,,unresolved,unresolved,True
ivan daniel alonso vallejo,26243,,,unresolved,unresolved,True
andoni iraola sagarna,26031,,,unresolved,unresolved,True
mohamed gasana tchite,26490,,,unresolved,unresolved,True
jose javier barkero saludes,26226,,,unresolved,unresolved,True
